DateTime,ARIMA,UCM,ML
2016-12-01 00:00:00,0.0061848340157328,0.0048999995398736,0.0063997303268648
2016-12-01 01:00:00,0.0046909221390407,0.0054448289215922,0.0059549378310208
2016-12-01 02:00:00,0.0059256075803332,0.0107931133195701,0.0080521989562569
2016-12-01 03:00:00,0.0120223974587373,0.0274207086980757,0.018577464164398
2016-12-01 04:00:00,0.0277187841697019,0.0676689260433239,0.0401978224999783
2016-12-01 05:00:00,0.0472716995912523,0.0919413096546336,0.0564579484534153
2016-12-01 06:00:00,0.1054413084931075,0.1700999638525221,0.0654610042508299
2016-12-01 07:00:00,0.1435009106996485,0.1666691191868241,0.0665687452019092
2016-12-01 08:00:00,0.1271052345133567,0.1503172322166418,0.0677809575108376
2016-12-01 09:00:00,0.0803057115600237,0.0834690110749168,0.0659820473868535
2016-12-01 10:00:00,0.0413232043669325,0.0569033726236705,0.0543382369954983
2016-12-01 11:00:00,0.0383525162561855,0.0538896618301256,0.0529491683237948
2016-12-01 12:00:00,0.0377515976914043,0.0576551524015655,0.0504756715226752
2016-12-01 13:00:00,0.0382353324737686,0.0523137945751093,0.0479593766748402
2016-12-01 14:00:00,0.0344672827521215,0.0430758747774078,0.0419520273661797
2016-12-01 15:00:00,0.0298629388365576,0.0383965474504455,0.0384648485191272
2016-12-01 16:00:00,0.0292404775714209,0.037265510851234,0.0379154378685386
2016-12-01 17:00:00,0.0280993275368071,0.0322586338648049,0.0363421771162828
2016-12-01 18:00:00,0.0240485860889537,0.0302241360887838,0.0324861555921582
2016-12-01 19:00:00,0.0211254695060437,0.0275999985515283,0.0290881055726988
2016-12-01 20:00:00,0.0209799565544696,0.0263827510577845,0.0238999293696569
2016-12-01 21:00:00,0.0186848355692643,0.0202448270229508,0.0196932026647171
2016-12-01 22:00:00,0.0149661246707866,0.0131931087277295,0.0140338565929294
2016-12-01 23:00:00,0.0093530693362124,0.0076482792753031,0.0069191322318111
2016-12-02 00:00:00,0.0058707216766844,0.0055413785957772,0.0044123704056708
2016-12-02 01:00:00,0.0047076346928047,0.0059689683621823,0.0043896217777774
2016-12-02 02:00:00,0.005550310568611,0.0110551802074892,0.0064424007452945
2016-12-02 03:00:00,0.0118023880973992,0.0267827825899887,0.0138352532650962
2016-12-02 04:00:00,0.0262119340207316,0.0655999518262364,0.0337269318210609
2016-12-02 05:00:00,0.0452060343505568,0.0902413674842475,0.0539391745253112
2016-12-02 06:00:00,0.0590179594293491,0.1028620962469881,0.0535873635131132
2016-12-02 07:00:00,0.0577464525495757,0.0885655144242039,0.0591388415355744
2016-12-02 08:00:00,0.053362758012899,0.0805896442930572,0.058755918173988
2016-12-02 09:00:00,0.0473783283080685,0.0676827661592922,0.0652950047733584
2016-12-02 10:00:00,0.0436153590550146,0.0593655164694028,0.0563935361439398
2016-12-02 11:00:00,0.0420322082065587,0.0570793199603088,0.0539432362291592
2016-12-02 12:00:00,0.0419919930410508,0.0607930892885727,0.0515125003263863
2016-12-02 13:00:00,0.0407374012000273,0.053727584209717,0.0496937653457445
2016-12-02 14:00:00,0.037518207402743,0.0483275979690762,0.0471967561072057
2016-12-02 15:00:00,0.0328937706246571,0.0409930968182773,0.0403582428250546
2016-12-02 16:00:00,0.0325365228644065,0.038313329636649,0.0406194422623054
2016-12-02 17:00:00,0.0337274958155189,0.0366433444249709,0.0404670257277759
2016-12-02 18:00:00,0.0293175149054108,0.0346999983308096,0.0382417068944755
2016-12-02 19:00:00,0.0269457844519764,0.0317633403536432,0.0342164903285775
2016-12-02 20:00:00,0.0217176567982055,0.0291866478153873,0.027666066778897
2016-12-02 21:00:00,0.0210028048498445,0.0250066689842251,0.0234598028203141
2016-12-02 22:00:00,0.0171968388669613,0.0173866723478349,0.0158427584575289
2016-12-02 23:00:00,0.0105731170660561,0.0106500008199552,0.0090077360285762
2016-12-03 00:00:00,0.0067912180053205,0.0071500008874321,0.0051062397732186
2016-12-03 01:00:00,0.0047032241157376,0.0059500003251098,0.00493991072421
2016-12-03 02:00:00,0.0048196809516418,0.0071300036842477,0.0067354723979766
2016-12-03 03:00:00,0.0069266984365976,0.0120633367696247,0.0096298711753339
2016-12-03 04:00:00,0.01245039073092,0.0238733196127159,0.014591572538797
2016-12-03 05:00:00,0.0200121938513073,0.0305766800078246,0.0213082401459772
2016-12-03 06:00:00,0.0234350610538167,0.0379399950081567,0.0277022268028943
2016-12-03 07:00:00,0.0290869712552631,0.0466299861563573,0.0340712466070272
2016-12-03 08:00:00,0.0361722567113815,0.0496666803146956,0.0441813835750739
2016-12-03 09:00:00,0.037642994395685,0.0497299999381403,0.0457162810994633
2016-12-03 10:00:00,0.0379847665363244,0.0519066686833454,0.0491173699717712
2016-12-03 11:00:00,0.0374827627824179,0.0525766591911862,0.0496350868120556
2016-12-03 12:00:00,0.0378593933060509,0.0536200049703424,0.0507619799027123
2016-12-03 13:00:00,0.0364936611233312,0.052886660038133,0.050321352268841
2016-12-03 14:00:00,0.0384302531436563,0.0518633357461196,0.0508936930183869
2016-12-03 15:00:00,0.0356572152659124,0.0499199980558847,0.046959010803584
2016-12-03 16:00:00,0.0352004319879491,0.0486799856717854,0.0456087396066644
2016-12-03 17:00:00,0.0340796746791136,0.0442700233785614,0.0451129698429051
2016-12-03 18:00:00,0.030227489689404,0.0391366735232282,0.0423027605650228
2016-12-03 19:00:00,0.0243322917119059,0.0331666638548217,0.0362488806148642
2016-12-03 20:00:00,0.0218760121064956,0.0323899847463621,0.0321888921036306
2016-12-03 21:00:00,0.0208131770966028,0.0290266633263448,0.0270854275331062
2016-12-03 22:00:00,0.0165186664589265,0.0203300036045144,0.0206927033151984
2016-12-03 23:00:00,0.0116143815102169,0.0126700060374264,0.0129779819484694
2016-12-04 00:00:00,0.0076476620888605,0.0078100029406713,0.0061596506901571
2016-12-04 01:00:00,0.0048359204549201,0.0055166633998128,0.0048518663594068
2016-12-04 02:00:00,0.0039531899614226,0.0050400032016912,0.0049013325999487
2016-12-04 03:00:00,0.0042446603625093,0.006856669897513,0.0059066549124251
2016-12-04 04:00:00,0.0064943759077618,0.0127633233931001,0.0121661342351728
2016-12-04 05:00:00,0.0108583223293505,0.0163400072606891,0.0161828543516691
2016-12-04 06:00:00,0.0126457230127968,0.0203733334411188,0.0174678629054803
2016-12-04 07:00:00,0.016599366567012,0.0283366675013384,0.0263627395800227
2016-12-04 08:00:00,0.0230596593213,0.0399633196212507,0.0419973255182402
2016-12-04 09:00:00,0.0313676643156282,0.0451633385752178,0.0452484418478418
2016-12-04 10:00:00,0.0357686199381663,0.0475666680472891,0.0519694571283793
2016-12-04 11:00:00,0.0385440873680232,0.0481900084069791,0.0485754125568496
2016-12-04 12:00:00,0.0394410986205772,0.0504599934103096,0.0475060344732432
2016-12-04 13:00:00,0.0410028850475767,0.0510299991752265,0.0503322470498757
2016-12-04 14:00:00,0.0401508358429848,0.0498333286316345,0.0492236788628224
2016-12-04 15:00:00,0.0403839825157959,0.048013339087991,0.0488418296449912
2016-12-04 16:00:00,0.0389067254553553,0.0472533246395766,0.0473728347081179
2016-12-04 17:00:00,0.0387102316583455,0.0429600209723517,0.0449644716024133
2016-12-04 18:00:00,0.0322775606526791,0.0403966669172967,0.0401258974068916
2016-12-04 19:00:00,0.0279273447244936,0.0371299965639387,0.0366144568424182
2016-12-04 20:00:00,0.0230486712409126,0.033069983262188,0.0291165321042399
2016-12-04 21:00:00,0.0194164345785822,0.0250966696649328,0.0256613458918941
2016-12-04 22:00:00,0.014353111981003,0.0162233355206824,0.0191693893103224
2016-12-04 23:00:00,0.0087462346350861,0.0093166713357066,0.0079261467018438
2016-12-05 00:00:00,0.0054446640963931,0.0061133332500774,0.0054716547844888
2016-12-05 01:00:00,0.0041244245523678,0.0054333362466194,0.0052294408001136
2016-12-05 02:00:00,0.0050949797324859,0.0095766736670645,0.007406254483004
2016-12-05 03:00:00,0.0113723931629499,0.0244566788978506,0.0145338170787736
2016-12-05 04:00:00,0.0299358082560782,0.0609899417538118,0.0272811003947088
2016-12-05 05:00:00,0.0620730372494128,0.083726646235975,0.072932624726306
2016-12-05 06:00:00,0.0905539877069855,0.1326033565755983,0.1076792657089171
2016-12-05 07:00:00,0.1094675312774835,0.1239934110599538,0.1581341637404101
2016-12-05 08:00:00,0.0969052880847673,0.1270665325270986,0.1406200401935144
2016-12-05 09:00:00,0.0996302736577729,0.0794235355347589,0.1264467412894347
2016-12-05 10:00:00,0.0524942259347864,0.0545965683650443,0.0642919435693158
2016-12-05 11:00:00,0.0425003273105469,0.0512099892939263,0.0516914095088862
2016-12-05 12:00:00,0.0412052670699419,0.0513566550406087,0.0506052351513295
2016-12-05 13:00:00,0.0433403252529746,0.0495300050468246,0.0506246809098192
2016-12-05 14:00:00,0.0385226441503387,0.0430500012292778,0.0462676372040808
2016-12-05 15:00:00,0.0332644587909752,0.0389166799244622,0.0419356352651307
2016-12-05 16:00:00,0.0294379940051926,0.0376199783860628,0.0376901820047317
2016-12-05 17:00:00,0.029339036271667,0.0325766821306943,0.0352770473972521
2016-12-05 18:00:00,0.0240049165467552,0.0299966658395231,0.0302182947480673
2016-12-05 19:00:00,0.0208643045419516,0.0267333353981483,0.0254463907701332
2016-12-05 20:00:00,0.0176252735764727,0.0246233169656655,0.0253010269010491
2016-12-05 21:00:00,0.0159342641000246,0.0189600051613222,0.0226236630656408
2016-12-05 22:00:00,0.0115798620192356,0.012463336441148,0.0129026508143095
2016-12-05 23:00:00,0.0069143214313974,0.0071266681588886,0.0084791235959791
2016-12-06 00:00:00,0.0044958005839636,0.0048900018323505,0.0050268881120274
2016-12-06 01:00:00,0.003512610136426,0.0052000023640898,0.006069039378568
2016-12-06 02:00:00,0.0051255925565016,0.0102733432033213,0.0066629989498494
2016-12-06 03:00:00,0.012095175015047,0.0269933532443266,0.0166339888458253
2016-12-06 04:00:00,0.0314213266800472,0.0683166330204984,0.0326121772357588
2016-12-06 05:00:00,0.0648821921404252,0.1034899831249466,0.079321115266147
2016-12-06 06:00:00,0.1018658428516578,0.1805266684554269,0.1184316014319009
2016-12-06 07:00:00,0.1596122420108981,0.193983397004269,0.2175738733021468
2016-12-06 08:00:00,0.1331681729385689,0.1826530975191971,0.2242700971817086
2016-12-06 09:00:00,0.129001327733453,0.1051303037987497,0.1655919115177759
2016-12-06 10:00:00,0.0489111772545663,0.0555532285776414,0.0572958656584452
2016-12-06 11:00:00,0.0399591160375349,0.05116999131831,0.0481991779286792
2016-12-06 12:00:00,0.0390691833956638,0.0538866519297172,0.0476398377124231
2016-12-06 13:00:00,0.0397816332994735,0.0481999903997075,0.047493896707901
2016-12-06 14:00:00,0.0382010492229642,0.0414000214586368,0.0431101783895782
2016-12-06 15:00:00,0.0323616325201591,0.0370100077831321,0.041981246885709
2016-12-06 16:00:00,0.0289377284742873,0.0367966435575123,0.0391266048602654
2016-12-06 17:00:00,0.0293682064299129,0.0315733559530346,0.0387129872074938
2016-12-06 18:00:00,0.0244214317831512,0.0291966625913008,0.0340711906732202
2016-12-06 19:00:00,0.0211112592930698,0.0260533339338432,0.0286775050875238
2016-12-06 20:00:00,0.0181735310285997,0.0241099863898108,0.0250767438259718
2016-12-06 21:00:00,0.0161544444068974,0.0183633382376051,0.0187198980085874
2016-12-06 22:00:00,0.0116525587063353,0.0116700036908204,0.0131890118971309
2016-12-06 23:00:00,0.0075434589210843,0.0070333340259554,0.0104976738583939
2016-12-07 00:00:00,0.004936235869218,0.0049066697668942,0.0054170533499
2016-12-07 01:00:00,0.0037466082152834,0.005423333454794,0.0046983982353143
2016-12-07 02:00:00,0.0051780325935476,0.0101633456197231,0.005983315457648
2016-12-07 03:00:00,0.0123899935721592,0.0275233546035626,0.0155341932989756
2016-12-07 04:00:00,0.0314929170092873,0.0683932692603763,0.0293037379881049
2016-12-07 05:00:00,0.0642950976253658,0.1011067557840418,0.0717858657563788
2016-12-07 06:00:00,0.0973784582946371,0.1915897693965719,0.1040694845386127
2016-12-07 07:00:00,0.1445196943567482,0.1988435155131091,0.1702478187245688
2016-12-07 08:00:00,0.1326454280403105,0.2024232884849446,0.1461167421178899
2016-12-07 09:00:00,0.0993332236507109,0.107300111692588,0.141357493720438
2016-12-07 10:00:00,0.0541246619353541,0.0565532597450728,0.0554484702886091
2016-12-07 11:00:00,0.0456024159696172,0.0543066704475245,0.051450277376829
2016-12-07 12:00:00,0.0431081741299597,0.0554433091467436,0.0521077834412961
2016-12-07 13:00:00,0.0434035444093679,0.0496600095846083,0.0509864543051046
2016-12-07 14:00:00,0.0391676525115805,0.0425933390352687,0.0462844524075203
2016-12-07 15:00:00,0.0332470686551013,0.0375066710223361,0.0418530978221705
2016-12-07 16:00:00,0.0296947226250225,0.0369966486534237,0.036681566444007
2016-12-07 17:00:00,0.0298946424478602,0.0322966849555825,0.0377752718527784
2016-12-07 18:00:00,0.025559345915131,0.0299699986916253,0.0323665039193317
2016-12-07 19:00:00,0.0219559620910362,0.027056666209333,0.0278851685205969
2016-12-07 20:00:00,0.0195015358027469,0.0251033205411276,0.0236937047997747
2016-12-07 21:00:00,0.0173889205880728,0.0189400034605672,0.0176119132361627
2016-12-07 22:00:00,0.0125657106859292,0.0118066711559106,0.0124397570989476
2016-12-07 23:00:00,0.0081308310282167,0.0070100030339008,0.0089935437562731
2016-12-08 00:00:00,0.005126852707672,0.0048999995398733,0.0066711290566194
2016-12-08 01:00:00,0.0039918985151972,0.0054448289215926,0.0065933427339528
2016-12-08 02:00:00,0.0053077908644245,0.0107931133195699,0.0079026284112835
2016-12-08 03:00:00,0.0110903158677653,0.0274207086980757,0.0174401149827216
2016-12-08 04:00:00,0.0257880493288339,0.067668926043324,0.0343521601900844
2016-12-08 05:00:00,0.0440604572736282,0.0919413096546336,0.0671791641826855
2016-12-08 06:00:00,0.0983464517417277,0.170099963852522,0.0666603379012826
2016-12-08 07:00:00,0.1338635810136001,0.1666691191868242,0.0761483802656179
2016-12-08 08:00:00,0.1185732152446167,0.1503172322166418,0.0922271462273585
2016-12-08 09:00:00,0.0749156064327235,0.0834690110749169,0.0858341558651325
2016-12-08 10:00:00,0.0385493566135708,0.0569033726236706,0.0613430819139502
2016-12-08 11:00:00,0.0357789616197761,0.0538896618301253,0.0516427667564443
2016-12-08 12:00:00,0.0352189494980209,0.0576551524015656,0.0535762974444002
2016-12-08 13:00:00,0.0356705874151747,0.0523137945751095,0.0525435961012972
2016-12-08 14:00:00,0.0321554422266945,0.0430758747774078,0.0471612508754413
2016-12-08 15:00:00,0.0278600050608309,0.0383965474504451,0.0424917354072116
2016-12-08 16:00:00,0.0272793537739861,0.0372655108512343,0.0374393581249714
2016-12-08 17:00:00,0.0262147725219509,0.032258633864805,0.0376461968909831
2016-12-08 18:00:00,0.0224357185078022,0.0302241360887836,0.0333030690851714
2016-12-08 19:00:00,0.0197086552362563,0.0275999985515283,0.0286895184657307
2016-12-08 20:00:00,0.019572908019801,0.0263827510577847,0.0253985313914153
2016-12-08 21:00:00,0.0174317152409963,0.0202448270229509,0.0220869812192479
2016-12-08 22:00:00,0.0139624052174788,0.0131931087277291,0.0172554607130059
2016-12-08 23:00:00,0.0087257957129062,0.0076482792753031,0.0104800846110206
2016-12-09 00:00:00,0.0054769955286138,0.0055413785957773,0.0077764365200474
2016-12-09 01:00:00,0.0043919124218929,0.0059689683621825,0.0069228867516768
2016-12-09 02:00:00,0.0051780737203959,0.0110551802074892,0.0080080081331841
2016-12-09 03:00:00,0.0110108502155647,0.0267827825899884,0.0161808583904088
2016-12-09 04:00:00,0.0244540071401681,0.0655999518262364,0.0266221417661745
2016-12-09 05:00:00,0.0421742512003207,0.0902413674842478,0.0649022978692093
2016-12-09 06:00:00,0.0550598672051731,0.1028620962469879,0.0633761679157443
2016-12-09 07:00:00,0.0538736350846789,0.0885655144242038,0.0658630435181297
2016-12-09 08:00:00,0.0497839369476914,0.0805896442930572,0.0531022701502328
2016-12-09 09:00:00,0.0442008583736706,0.0676827661592924,0.0573985623920556
2016-12-09 10:00:00,0.0406902560190188,0.0593655164694027,0.0574490600603851
2016-12-09 11:00:00,0.0392132805985112,0.0570793199603087,0.0533481405552969
2016-12-09 12:00:00,0.0391757624998672,0.0607930892885728,0.0533353288632616
2016-12-09 13:00:00,0.0380053109823311,0.0537275842097171,0.050893442447399
2016-12-09 14:00:00,0.0350020152942178,0.0483275979690762,0.0478149872714057
2016-12-09 15:00:00,0.0306877205015073,0.0409930968182771,0.0402399988977864
2016-12-09 16:00:00,0.0303544318816476,0.0383133296366491,0.0387253640960993
2016-12-09 17:00:00,0.0314655311675146,0.0366433444249711,0.035006400656802
2016-12-09 18:00:00,0.027351309568216,0.0346999983308095,0.0349057326273305
2016-12-09 19:00:00,0.0251386413371893,0.0317633403536432,0.0316399364177382
2016-12-09 20:00:00,0.0202611427367206,0.0291866478153872,0.0269142705949771
2016-12-09 21:00:00,0.0195942329731197,0.0250066689842254,0.0240407915172351
2016-12-09 22:00:00,0.0160435175001386,0.0173866723478346,0.0198614770650973
2016-12-09 23:00:00,0.0098640215211985,0.0106500008199552,0.0126629937327873
2016-12-10 00:00:00,0.0063357589007213,0.0071500008874322,0.0093738606267823
2016-12-10 01:00:00,0.0043877981873101,0.0059500003251101,0.0078314813953674
2016-12-10 02:00:00,0.0044964447414413,0.0071300036842474,0.0074176656836648
2016-12-10 03:00:00,0.0064621532158019,0.0120633367696247,0.0091219357497642
2016-12-10 04:00:00,0.0116153941500775,0.0238733196127157,0.015064539071492
2016-12-10 05:00:00,0.0186700581864805,0.0305766800078249,0.021648718301872
2016-12-10 06:00:00,0.0218633677411584,0.0379399950081566,0.0245319961608529
2016-12-10 07:00:00,0.0271362275340329,0.0466299861563573,0.034274865797566
2016-12-10 08:00:00,0.0337463319891681,0.0496666803146953,0.0446563604374494
2016-12-10 09:00:00,0.0351184333363277,0.0497299999381407,0.0459993889927607
2016-12-10 10:00:00,0.0354372842229254,0.0519066686833451,0.0479882046901556
2016-12-10 11:00:00,0.0349689477993977,0.0525766591911862,0.0485822064077323
2016-12-10 12:00:00,0.0353203192603818,0.0536200049703422,0.0506016107958418
2016-12-10 13:00:00,0.0340461811270027,0.0528866600381333,0.0534943406519525
2016-12-10 14:00:00,0.0358528938728209,0.0518633357461195,0.0527165634829431
2016-12-10 15:00:00,0.0332658322585137,0.0499199980558847,0.0490402778994907
2016-12-10 16:00:00,0.032839683559298,0.0486799856717852,0.0466253830713201
2016-12-10 17:00:00,0.0317940908409607,0.0442700233785618,0.0460311794274419
2016-12-10 18:00:00,0.0282002560801472,0.039136673523228,0.0418878083800828
2016-12-10 19:00:00,0.0227004248233396,0.0331666638548217,0.0374052808079641
2016-12-10 20:00:00,0.0204088778047563,0.0323899847463616,0.034529226448801
2016-12-10 21:00:00,0.0194173227746199,0.0290266633263453,0.0280984043454681
2016-12-10 22:00:00,0.0154108273307115,0.0203300036045142,0.0231014095468822
2016-12-10 23:00:00,0.0108354526348729,0.0126700060374263,0.0154474153527379
2016-12-11 00:00:00,0.0071347647964264,0.0078100029406713,0.0086622121130686
2016-12-11 01:00:00,0.00451159512792,0.005516663399813,0.0074686064552258
2016-12-11 02:00:00,0.0036880657438339,0.005040003201691,0.0048760002233327
2016-12-11 03:00:00,0.003959988421995,0.0068566698975132,0.0060175528261119
2016-12-11 04:00:00,0.0060588247837141,0.0127633233930999,0.011992581057413
2016-12-11 05:00:00,0.0101300992386345,0.0163400072606893,0.0156580338605429
2016-12-11 06:00:00,0.0117976262979088,0.0203733334411187,0.0150686788122698
2016-12-11 07:00:00,0.0154861152139294,0.0283366675013384,0.020728762192693
2016-12-11 08:00:00,0.0215131426613163,0.0399633196212508,0.0347767673962842
2016-12-11 09:00:00,0.0292639638761301,0.0451633385752178,0.0392063175799606
2016-12-11 10:00:00,0.0333697654768645,0.047566668047289,0.0419479124981583
2016-12-11 11:00:00,0.0359590937032011,0.0481900084069792,0.047600242885962
2016-12-11 12:00:00,0.0367959460944753,0.0504599934103096,0.0506875051898765
2016-12-11 13:00:00,0.038252989919035,0.0510299991752266,0.0518719677375569
2016-12-11 14:00:00,0.0374580841557952,0.0498333286316344,0.0495332393484835
2016-12-11 15:00:00,0.0376755946386393,0.048013339087991,0.0476669969218255
2016-12-11 16:00:00,0.0362974111431294,0.0472533246395766,0.0462296847176491
2016-12-11 17:00:00,0.0361140953782157,0.0429600209723518,0.0440841751770095
2016-12-11 18:00:00,0.0301128372021945,0.0403966669172966,0.0409680141174151
2016-12-11 19:00:00,0.0260543723928666,0.0371299965639387,0.0366811844024255
2016-12-11 20:00:00,0.0215028915063597,0.0330699832621879,0.0350602671331223
2016-12-11 21:00:00,0.0181142540417898,0.0250966696649329,0.0263111987532127
2016-12-11 22:00:00,0.0133905076991293,0.0162233355206823,0.0223170036907465
2016-12-11 23:00:00,0.0081596605930839,0.0093166713357065,0.0132647981393079
2016-12-12 00:00:00,0.0050795128330651,0.0061133332500774,0.0071246058168386
2016-12-12 01:00:00,0.0038478163339111,0.0054333362466194,0.0052601572174912
2016-12-12 02:00:00,0.0047532803635238,0.0095766736670648,0.0057630603591354
2016-12-12 03:00:00,0.0106096934523717,0.0244566788978502,0.0116811761151174
2016-12-12 04:00:00,0.0279281365228129,0.0609899417538117,0.0262031081075377
2016-12-12 05:00:00,0.0579100535338062,0.0837266462359749,0.0668097365359869
2016-12-12 06:00:00,0.0844809035965252,0.132603356575599,0.084123629734794
2016-12-12 07:00:00,0.1021259934651038,0.1239934110599535,0.1180086230708887
2016-12-12 08:00:00,0.0904062483385388,0.1270665325270984,0.1072997857100714
2016-12-12 09:00:00,0.0929484803188677,0.079423535534759,0.1123876725695565
2016-12-12 10:00:00,0.0489736537602396,0.0545965683650442,0.0678450444089797
2016-12-12 11:00:00,0.039650004878428,0.0512099892939263,0.0522967430468161
2016-12-12 12:00:00,0.0384417990102086,0.0513566550406085,0.0518950446410988
2016-12-12 13:00:00,0.0404336676081704,0.0495300050468249,0.0522638644730752
2016-12-12 14:00:00,0.0359390885940736,0.0430500012292777,0.0480754481989178
2016-12-12 15:00:00,0.0310335481348899,0.0389166799244623,0.0418374009370188
2016-12-12 16:00:00,0.0274637086295419,0.0376199783860626,0.0382067406345649
2016-12-12 17:00:00,0.0273713875848501,0.0325766821306944,0.0379121945176814
2016-12-12 18:00:00,0.0223950053662034,0.0299966658395231,0.0310170014715724
2016-12-12 19:00:00,0.0194650213121557,0.0267333353981483,0.0281269949828182
2016-12-12 20:00:00,0.0164432188529839,0.0246233169656654,0.0240111887681404
2016-12-12 21:00:00,0.014865618438269,0.0189600051613223,0.0204202878761332
2016-12-12 22:00:00,0.0108032482244031,0.0124633364411479,0.0135143327067197
2016-12-12 23:00:00,0.0064506062855166,0.0071266681588886,0.0095364966380984
2016-12-13 00:00:00,0.0041942857000623,0.0048900018323505,0.0059806784375133
2016-12-13 01:00:00,0.0032770337985313,0.0052000023640897,0.0045545413642695
2016-12-13 02:00:00,0.0047818401111393,0.0102733432033217,0.0071860427629335
2016-12-13 03:00:00,0.0112840012936333,0.0269933532443262,0.0120300512694555
2016-12-13 04:00:00,0.0293140273261231,0.0683166330204981,0.0298431003920107
2016-12-13 05:00:00,0.0605308099416107,0.1034899831249469,0.0823001203425306
2016-12-13 06:00:00,0.0950341190669157,0.1805266684554271,0.1026997294605749
2016-12-13 07:00:00,0.1489077043606301,0.1939833970042688,0.1744133204538576
2016-12-13 08:00:00,0.1242371304127645,0.1826530975191967,0.163690801297399
2016-12-13 09:00:00,0.1203497384050917,0.10513030379875,0.1340196722133484
2016-12-13 10:00:00,0.0456309054418022,0.0555532285776414,0.055422991147032
2016-12-13 11:00:00,0.037279222210431,0.0511699913183098,0.0490694837031027
2016-12-13 12:00:00,0.0364489736964883,0.0538866519297171,0.0506555965892578
2016-12-13 13:00:00,0.0371136425108077,0.0481999903997078,0.0521134522500821
2016-12-13 14:00:00,0.0356390617179015,0.0414000214586367,0.0479988868389602
2016-12-13 15:00:00,0.0301912707147499,0.0370100077831319,0.0428671716229418
2016-12-13 16:00:00,0.0269969938535363,0.0367966435575121,0.0390553927277297
2016-12-13 17:00:00,0.0273986014203649,0.0315733559530352,0.036846416532577
2016-12-13 18:00:00,0.0227835866360456,0.0291966625913006,0.03366709059694
2016-12-13 19:00:00,0.0196954138221954,0.0260533339338431,0.0269602439308354
2016-12-13 20:00:00,0.0169547069291257,0.0241099863898108,0.0259978936277764
2016-12-13 21:00:00,0.015071032156094,0.0183633382376055,0.0230960630557195
2016-12-13 22:00:00,0.0108710694432159,0.0116700036908201,0.016772690765018
2016-12-13 23:00:00,0.0070375501072198,0.0070333340259554,0.0108269832886929
2016-12-14 00:00:00,0.0046051827993097,0.004906669766894,0.0055464404570777
2016-12-14 01:00:00,0.0034953385871144,0.0054233334547945,0.0049108671532351
2016-12-14 02:00:00,0.004830763210237,0.0101633456197226,0.0069440900322135
2016-12-14 03:00:00,0.0115590475807439,0.0275233546035627,0.0104600412276099
2016-12-14 04:00:00,0.029380816385955,0.0683932692603762,0.0256810705633547
2016-12-14 05:00:00,0.0599830894448692,0.1011067557840421,0.0685521484211086
2016-12-14 06:00:00,0.0908476849654283,0.1915897693965715,0.0923824408718161
2016-12-14 07:00:00,0.134827351902581,0.1988435155131094,0.139945767975905
2016-12-14 08:00:00,0.1237494438682664,0.2024232884849447,0.1501976220539376
2016-12-14 09:00:00,0.0926713522359924,0.1073001116925881,0.1387317242163943
2016-12-14 10:00:00,0.0504947431133663,0.0565532597450727,0.0525572718821854
2016-12-14 11:00:00,0.0425440491893509,0.0543066704475246,0.052052218297816
2016-12-14 12:00:00,0.0402170859076857,0.0554433091467436,0.0524567441818097
2016-12-14 13:00:00,0.0404926469153434,0.0496600095846082,0.0523822433199461
2016-12-14 14:00:00,0.0365408388931477,0.0425933390352687,0.0471754209195589
2016-12-14 15:00:00,0.0310173242840192,0.0375066710223359,0.0413296837998382
2016-12-14 16:00:00,0.0277032195150536,0.0369966486534239,0.0370224502771252
2016-12-14 17:00:00,0.0278897315363113,0.0322966849555825,0.0369461283080037
2016-12-14 18:00:00,0.0238451855398506,0.0299699986916251,0.0313936555089391
2016-12-14 19:00:00,0.0204834658721352,0.027056666209333,0.0273012082102024
2016-12-14 20:00:00,0.0181936478763039,0.0251033205411278,0.0278207794132345
2016-12-14 21:00:00,0.0162227170889713,0.0189400034605673,0.0234992808632998
2016-12-14 22:00:00,0.0117229800692468,0.0118066711559105,0.0169957589793501
2016-12-14 23:00:00,0.0075855295790736,0.0070100030339007,0.0114784322064638
2016-12-15 00:00:00,0.0047830157491453,0.0048999995398735,0.0067588456256428
2016-12-15 01:00:00,0.0037241782738572,0.0054448289215925,0.004847332028965
2016-12-15 02:00:00,0.0049518191267171,0.01079311331957,0.0056188941590944
2016-12-15 03:00:00,0.0103465339230712,0.0274207086980756,0.0085655968620876
2016-12-15 04:00:00,0.0240585507547294,0.067668926043324,0.0257150848331839
2016-12-15 05:00:00,0.0411055033313023,0.0919413096546336,0.0569043404718563
2016-12-15 06:00:00,0.0917507590669282,0.1700999638525221,0.0555246586924624
2016-12-15 07:00:00,0.1248859003237822,0.1666691191868239,0.0754328225494873
2016-12-15 08:00:00,0.1106209965995539,0.1503172322166421,0.0872406502524754
2016-12-15 09:00:00,0.069891324337889,0.0834690110749167,0.0853513241262318
2016-12-15 10:00:00,0.0359640095620871,0.0569033726236706,0.058809941054907
2016-12-15 11:00:00,0.0333794135843551,0.0538896618301252,0.0512355300939892
2016-12-15 12:00:00,0.0328569591760085,0.0576551524015659,0.051998818134364
2016-12-15 13:00:00,0.0332783075926355,0.0523137945751093,0.0535211434975773
2016-12-15 14:00:00,0.0299989087575814,0.0430758747774078,0.0488185131851759
2016-12-15 15:00:00,0.0259915489239266,0.038396547450445,0.0424613477617876
2016-12-15 16:00:00,0.0254498395345415,0.0372655108512346,0.0399115370553611
2016-12-15 17:00:00,0.0244566553755526,0.032258633864805,0.0381675277396178
2016-12-15 18:00:00,0.0209310469960695,0.0302241360887837,0.0345122972660734
2016-12-15 19:00:00,0.0183868766599096,0.0275999985515279,0.0296852882779727
2016-12-15 20:00:00,0.0182602334518384,0.0263827510577851,0.029294619440952
2016-12-15 21:00:00,0.0162626416802524,0.0202448270229507,0.0252210589049344
2016-12-15 22:00:00,0.0130260040338616,0.0131931087277292,0.0208651720190946
2016-12-15 23:00:00,0.0081405924254856,0.0076482792753031,0.0143119405312157
2016-12-16 00:00:00,0.0051096759288904,0.0055413785957774,0.0083154208791027
2016-12-16 01:00:00,0.0040973648904221,0.0059689683621824,0.0057757564968552
2016-12-16 02:00:00,0.0048308015788765,0.0110551802074893,0.0067020616656021
2016-12-16 03:00:00,0.010272397705851,0.0267827825899882,0.0101474130583154
2016-12-16 04:00:00,0.0228139772976327,0.0655999518262368,0.019347202918154
2016-12-16 05:00:00,0.0393457973539367,0.0902413674842476,0.0431134991433159
2016-12-16 06:00:00,0.0513672280060051,0.1028620962469878,0.0509246724672847
2016-12-16 07:00:00,0.0502605516027655,0.0885655144242039,0.0572412285690262
2016-12-16 08:00:00,0.0464451327261534,0.0805896442930572,0.0509571066981253
2016-12-16 09:00:00,0.0412364883060989,0.0676827661592922,0.0558674290684413
2016-12-16 10:00:00,0.0379613276356628,0.0593655164694027,0.0537028824749041
2016-12-16 11:00:00,0.0365834068916521,0.0570793199603086,0.0530875648321567
2016-12-16 12:00:00,0.0365484049778223,0.0607930892885729,0.0542895582549958
2016-12-16 13:00:00,0.0354564508373008,0.0537275842097171,0.0519090268559319
2016-12-16 14:00:00,0.0326545738584498,0.0483275979690764,0.0493436917887786
2016-12-16 15:00:00,0.0286296211015449,0.0409930968182768,0.0402028318246125
2016-12-16 16:00:00,0.0283186847808243,0.0383133296366494,0.0415559729170498
2016-12-16 17:00:00,0.0293552672001346,0.0366433444249708,0.0396288482775171
2016-12-16 18:00:00,0.025516969549127,0.0346999983308096,0.0389169707447338
2016-12-16 19:00:00,0.0234526958903973,0.0317633403536432,0.0346654609848213
2016-12-16 20:00:00,0.0189023110924168,0.0291866478153872,0.0276018606400745
2016-12-16 21:00:00,0.0182801282281054,0.0250066689842253,0.0273990140998652
2016-12-16 22:00:00,0.0149675446614685,0.0173866723478347,0.0221308206991341
2016-12-16 23:00:00,0.0092024821027527,0.0106500008199552,0.0126629772018098
2016-12-17 00:00:00,0.0059108455680011,0.0071500008874322,0.0089904369428097
2016-12-17 01:00:00,0.0040935265806583,0.0059500003251101,0.0060982104920306
2016-12-17 02:00:00,0.0041948866565432,0.0071300036842474,0.0051002808155224
2016-12-17 03:00:00,0.0060287631353867,0.0120633367696246,0.0061336043399045
2016-12-17 04:00:00,0.0108363973611363,0.0238733196127159,0.0108290969580799
2016-12-17 05:00:00,0.0174179340494345,0.0305766800078249,0.0179454255525293
2016-12-17 06:00:00,0.0203970814450803,0.0379399950081566,0.0197497566938622
2016-12-17 07:00:00,0.0253163121837776,0.0466299861563572,0.0290751001177387
2016-12-17 08:00:00,0.031483104076413,0.0496666803146955,0.0453653123652744
2016-12-17 09:00:00,0.0327631842205269,0.0497299999381404,0.0447983672552458
2016-12-17 10:00:00,0.0330606510874692,0.0519066686833453,0.0444961640637862
2016-12-17 11:00:00,0.032623724064721,0.0525766591911863,0.0495479441694923
2016-12-17 12:00:00,0.0329515304846661,0.0536200049703422,0.0498294108456311
2016-12-17 13:00:00,0.0317628435638541,0.0528866600381332,0.0508634446213838
2016-12-17 14:00:00,0.0334483875047789,0.0518633357461196,0.0498302313770659
2016-12-17 15:00:00,0.0310348294896005,0.0499199980558845,0.0479554002770017
2016-12-17 16:00:00,0.0306372608337317,0.0486799856717854,0.0471134137761568
2016-12-17 17:00:00,0.0296617917254588,0.0442700233785618,0.0471351586722912
2016-12-17 18:00:00,0.0263089807045622,0.0391366735232279,0.0423492205138495
2016-12-17 19:00:00,0.0211780005459968,0.0331666638548217,0.037235972662164
2016-12-17 20:00:00,0.0190401381760891,0.0323899847463616,0.0331966661182301
2016-12-17 21:00:00,0.0181150826701665,0.0290266633263454,0.0267031785450173
2016-12-17 22:00:00,0.0143772864236668,0.0203300036045141,0.0231907046216628
2016-12-17 23:00:00,0.0101087633206549,0.0126700060374262,0.016374418084923
2016-12-18 00:00:00,0.0066562654192674,0.0078100029406716,0.0080337884964576
2016-12-18 01:00:00,0.0042090209688133,0.0055166633998129,0.0059912218040745
2016-12-18 02:00:00,0.00344072231883,0.0050400032016911,0.0036403060220662
2016-12-18 03:00:00,0.0036944082595725,0.006856669897513,0.0040079000202508
2016-12-18 04:00:00,0.0056524842850372,0.0127633233931,0.0095528978846708
2016-12-18 05:00:00,0.0094507150802846,0.0163400072606895,0.0151961525520611
2016-12-18 06:00:00,0.0110064079471188,0.0203733334411187,0.0145864383495109
2016-12-18 07:00:00,0.0144475250577146,0.0283366675013381,0.0218228394719002
2016-12-18 08:00:00,0.0200703445232015,0.0399633196212509,0.0244104249177059
2016-12-18 09:00:00,0.0273013499866094,0.0451633385752179,0.0347462742864479
2016-12-18 10:00:00,0.0311317923337811,0.0475666680472889,0.0370220420892817
2016-12-18 11:00:00,0.0335474649486276,0.0481900084069791,0.0415367954693399
2016-12-18 12:00:00,0.0343281930864156,0.0504599934103097,0.0434243139143211
2016-12-18 13:00:00,0.0356875189647727,0.0510299991752267,0.0494838355458844
2016-12-18 14:00:00,0.0349459242669237,0.0498333286316345,0.0510393204622685
2016-12-18 15:00:00,0.0351488472148545,0.0480133390879907,0.0482469396437386
2016-12-18 16:00:00,0.0338630928271048,0.047253324639577,0.0454674107320807
2016-12-18 17:00:00,0.0336920712977878,0.0429600209723519,0.045126222156214
2016-12-18 18:00:00,0.0280932928644533,0.0403966669172966,0.0390454482454183
2016-12-18 19:00:00,0.0243070126244693,0.0371299965639385,0.0359590574088457
2016-12-18 20:00:00,0.0200607808711132,0.033069983262188,0.0314250250969152
2016-12-18 21:00:00,0.0168994054064099,0.0250966696649331,0.0262689796718653
2016-12-18 22:00:00,0.0124924613336647,0.0162233355206823,0.0191411063226887
2016-12-18 23:00:00,0.0076124256634091,0.0093166713357063,0.0084643959674499
2016-12-19 00:00:00,0.0047388507655349,0.0061133332500774,0.0086544966476838
2016-12-19 01:00:00,0.0035897590928202,0.0054333362466197,0.005386440680108
2016-12-19 02:00:00,0.0044344973681058,0.0095766736670644,0.006293280303331
2016-12-19 03:00:00,0.0098981448794812,0.0244566788978502,0.0104133800778489
2016-12-19 04:00:00,0.026055111088524,0.0609899417538118,0.023159093831623
2016-12-19 05:00:00,0.0540262640413978,0.083726646235975,0.0638795559367508
2016-12-19 06:00:00,0.0788151162992331,0.1326033565755987,0.0894763222576493
2016-12-19 07:00:00,0.0952768224469836,0.1239934110599535,0.1143092769105127
2016-12-19 08:00:00,0.0843430725008528,0.1270665325270986,0.1267680497569578
2016-12-19 09:00:00,0.0867148074215183,0.0794235355347591,0.1289352183448322
2016-12-19 10:00:00,0.0456891919047894,0.0545965683650443,0.0677222048142738
2016-12-19 11:00:00,0.0369908418674512,0.0512099892939262,0.0507358869710286
2016-12-19 12:00:00,0.0358636654055148,0.0513566550406086,0.0520077686451747
2016-12-19 13:00:00,0.0377219475558918,0.0495300050468248,0.0534302547904266
2016-12-19 14:00:00,0.0335288015000216,0.0430500012292777,0.0479240441149704
2016-12-19 15:00:00,0.0289522554956407,0.0389166799244622,0.040464404387575
2016-12-19 16:00:00,0.025621830466958,0.0376199783860626,0.0377514734685187
2016-12-19 17:00:00,0.0255357010156326,0.0325766821306946,0.0352402130447382
2016-12-19 18:00:00,0.0208930643176959,0.029996665839523,0.0296927574262646
2016-12-19 19:00:00,0.0181595822626559,0.0267333353981481,0.0279344608224096
2016-12-19 20:00:00,0.0153404396858862,0.0246233169656656,0.0240171387916898
2016-12-19 21:00:00,0.0138686424528298,0.0189600051613224,0.0202666353628337
2016-12-19 22:00:00,0.0100787187277532,0.0124633364411479,0.014401475321021
2016-12-19 23:00:00,0.0060179906103,0.0071266681588883,0.0098809336830179
2016-12-20 00:00:00,0.003912992181303,0.0048900018323508,0.0059996776742874
2016-12-20 01:00:00,0.0030572565982638,0.0052000023640899,0.0034037459656044
2016-12-20 02:00:00,0.0044611417307246,0.0102733432033213,0.0065112773687694
2016-12-20 03:00:00,0.0105272296627635,0.0269933532443262,0.0116149621622625
2016-12-20 04:00:00,0.0273480558865888,0.0683166330204985,0.0288602482641913
2016-12-20 05:00:00,0.0564712570786357,0.103489983124947,0.079554181355494
2016-12-20 06:00:00,0.088660570943067,0.1805266684554269,0.1087449407016727
2016-12-20 07:00:00,0.1389210760941434,0.1939833970042687,0.2209141643477856
2016-12-20 08:00:00,0.1159050562353096,0.1826530975191968,0.2117244282696004
2016-12-20 09:00:00,0.1122783756466558,0.1051303037987499,0.182184309058857
2016-12-20 10:00:00,0.0425706279896238,0.0555532285776414,0.0693869368311297
2016-12-20 11:00:00,0.034779057857768,0.0511699913183098,0.0526344723238869
2016-12-20 12:00:00,0.0340044907023765,0.0538866519297173,0.053611014918121
2016-12-20 13:00:00,0.0346245829086726,0.0481999903997076,0.0535805003488496
2016-12-20 14:00:00,0.0332488961944233,0.0414000214586367,0.0500054187840204
2016-12-20 15:00:00,0.028166466163396,0.0370100077831318,0.0446320284855064
2016-12-20 16:00:00,0.0251864163344917,0.0367966435575124,0.0382914559576983
2016-12-20 17:00:00,0.0255610897309485,0.031573355953035,0.0368943951224638
2016-12-20 18:00:00,0.0212555850374148,0.0291966625913008,0.0315782203083649
2016-12-20 19:00:00,0.0183745232931162,0.0260533339338428,0.0280339515506558
2016-12-20 20:00:00,0.0158176243571028,0.024109986389811,0.0236993115447337
2016-12-20 21:00:00,0.014060279916098,0.0183633382376053,0.0197655887161651
2016-12-20 22:00:00,0.0101419914559169,0.0116700036908203,0.0132221812294837
2016-12-20 23:00:00,0.0065655705200698,0.0070333340259552,0.0089074244638656
2016-12-21 00:00:00,0.0042963320993853,0.0049066697668942,0.0056845729075476
2016-12-21 01:00:00,0.0032609205811093,0.0054233334547945,0.0042545583552673
2016-12-21 02:00:00,0.0045067837584605,0.0101633456197226,0.0067748023104803
2016-12-21 03:00:00,0.0107838297248299,0.0275233546035625,0.0089867189738939
2016-12-21 04:00:00,0.027410365678436,0.0683932692603763,0.0280516391147429
2016-12-21 05:00:00,0.0559602699464867,0.1011067557840422,0.0693272375480722
2016-12-21 06:00:00,0.0847549037858637,0.1915897693965715,0.0968508358332371
2016-12-21 07:00:00,0.1257850350568057,0.1988435155131092,0.1766570575769961
2016-12-21 08:00:00,0.1154500768247464,0.2024232884849447,0.1470614511493408
2016-12-21 09:00:00,0.0864562651811805,0.1073001116925881,0.1449751375558001
2016-12-21 10:00:00,0.0471082680411051,0.0565532597450728,0.0570917673595934
2016-12-21 11:00:00,0.0396907945103573,0.0543066704475243,0.0530768339069984
2016-12-21 12:00:00,0.0375198911007016,0.0554433091467436,0.054417799273529
2016-12-21 13:00:00,0.0377769713631216,0.0496600095846086,0.0550751516472596
2016-12-21 14:00:00,0.0340901948775253,0.0425933390352687,0.0492921451177048
2016-12-21 15:00:00,0.0289371197118274,0.0375066710223355,0.0436584925926277
2016-12-21 16:00:00,0.0258452783408905,0.036996648653424,0.0388055323958669
2016-12-21 17:00:00,0.0260192817667634,0.0322966849555829,0.0382771393018162
2016-12-21 18:00:00,0.0222459868620228,0.029969998691625,0.0332491013641496
2016-12-21 19:00:00,0.0191097239280726,0.0270566662093328,0.0286495574079364
2016-12-21 20:00:00,0.0169734746224609,0.0251033205411279,0.0237628059442744
2016-12-21 21:00:00,0.0151347260697318,0.0189400034605674,0.0203041691825642
2016-12-21 22:00:00,0.0109367679344907,0.0118066711559105,0.0148885163978942
2016-12-21 23:00:00,0.0070767992589339,0.0070100030339007,0.0089545726419801
2016-12-22 00:00:00,0.0044622385235171,0.0048999995398735,0.0060316180552044
2016-12-22 01:00:00,0.0034744129297547,0.0054448289215924,0.0050457900042877
2016-12-22 02:00:00,0.0046197209517185,0.0107931133195698,0.0056277882791659
2016-12-22 03:00:00,0.0096526343791895,0.0274207086980757,0.0100168344771942
2016-12-22 04:00:00,0.0224450425480888,0.0676689260433242,0.0262039326404766
2016-12-22 05:00:00,0.0383487260158561,0.0919413096546335,0.0561987869696798
2016-12-22 06:00:00,0.0855974124157012,0.1700999638525221,0.0556587343359948
2016-12-22 07:00:00,0.1165103158124621,0.1666691191868239,0.070025287724639
2016-12-22 08:00:00,0.1032021006045384,0.1503172322166419,0.0637655479175198
2016-12-22 09:00:00,0.0652040002117675,0.0834690110749172,0.068446302001313
2016-12-22 10:00:00,0.0335520511210442,0.0569033726236704,0.0549470574843686
2016-12-22 11:00:00,0.0311407933823207,0.0538896618301252,0.0506001759411729
2016-12-22 12:00:00,0.0306533778457688,0.0576551524015659,0.0499684676165257
2016-12-22 13:00:00,0.0310464681542906,0.0523137945751091,0.0504745497231917
2016-12-22 14:00:00,0.0279870051327921,0.0430758747774078,0.0469994671338662
2016-12-22 15:00:00,0.0242484024676168,0.0383965474504452,0.0401642195937492
2016-12-22 16:00:00,0.0237430233025373,0.0372655108512345,0.0372614452599586
2016-12-22 17:00:00,0.0228164479267445,0.032258633864805,0.0333307474835864
2016-12-22 18:00:00,0.0195272876239428,0.0302241360887836,0.0312680893978063
2016-12-22 19:00:00,0.0171537443450124,0.027599998551528,0.0281339267377926
2016-12-22 20:00:00,0.017035594576867,0.0263827510577851,0.0268460164119677
2016-12-22 21:00:00,0.0151719730826194,0.0202448270229509,0.0236942877264976
2016-12-22 22:00:00,0.0121524034324523,0.0131931087277291,0.0182470046115685
2016-12-22 23:00:00,0.0075946363195113,0.0076482792753029,0.0112322897627352
2016-12-23 00:00:00,0.004766990946383,0.0055413785957776,0.0067113218900844
2016-12-23 01:00:00,0.0038225714523761,0.0059689683621824,0.0045086507856941
2016-12-23 02:00:00,0.0045068195538729,0.0110551802074892,0.0048238832158089
2016-12-23 03:00:00,0.0095834701736302,0.0267827825899882,0.0066584798540629
2016-12-23 04:00:00,0.0212839375221235,0.0655999518262369,0.0191727188826318
2016-12-23 05:00:00,0.0367070362924495,0.0902413674842473,0.0351474292246249
2016-12-23 06:00:00,0.0479222389547101,0.102862096246988,0.0459941923686022
2016-12-23 07:00:00,0.0468897827934513,0.0885655144242037,0.0484512889308481
2016-12-23 08:00:00,0.0433302483935039,0.0805896442930572,0.0526009378936702
2016-12-23 09:00:00,0.0384709263662614,0.0676827661592925,0.0499946438712495
2016-12-23 10:00:00,0.0354154172730832,0.0593655164694025,0.0539928404061234
2016-12-23 11:00:00,0.0341299080151686,0.0570793199603086,0.0544051834048167
2016-12-23 12:00:00,0.0340972535359697,0.060793089288573,0.053181471423783
2016-12-23 13:00:00,0.033078532275723,0.0537275842097173,0.0527910772034614
2016-12-23 14:00:00,0.0304645656803969,0.0483275979690761,0.0503869796421136
2016-12-23 15:00:00,0.0267095499770915,0.0409930968182769,0.0428958646556916
2016-12-23 16:00:00,0.0264194668785928,0.0383133296366494,0.0409909125967233
2016-12-23 17:00:00,0.027386529971595,0.0366433444249709,0.0406940195660299
2016-12-23 18:00:00,0.0238056511827029,0.0346999983308093,0.0383473828158829
2016-12-23 19:00:00,0.0218798198816642,0.0317633403536432,0.0369130154583539
2016-12-23 20:00:00,0.017634610706678,0.0291866478153873,0.0284553602136865
2016-12-23 21:00:00,0.0170541550921844,0.0250066689842255,0.0280789114764576
2016-12-23 22:00:00,0.0139637329027826,0.0173866723478346,0.0214896160506139
2016-12-23 23:00:00,0.0085853094165993,0.010650000819955,0.0141754814908567
2016-12-24 00:00:00,0.0055144294276698,0.0071500008874323,0.0086359343249693
2016-12-24 01:00:00,0.0038189905622868,0.0059500003251102,0.0058323026866702
2016-12-24 02:00:00,0.0039135528341005,0.0071300036842474,0.0060428123056652
2016-12-24 03:00:00,0.0056244387480199,0.0120633367696246,0.0067553017314061
2016-12-24 04:00:00,0.0101096446880072,0.0238733196127158,0.0107980715088409
2016-12-24 05:00:00,0.0162497847366185,0.0305766800078251,0.0191518959955985
2016-12-24 06:00:00,0.0190291329498168,0.0379399950081566,0.0206836356392585
2016-12-24 07:00:00,0.0236184510828811,0.0466299861563572,0.024782685676854
2016-12-24 08:00:00,0.0293716615661934,0.0496666803146954,0.0428596980854454
2016-12-24 09:00:00,0.03056589199148,0.0497299999381405,0.0414389477882002
2016-12-24 10:00:00,0.0308434089771552,0.0519066686833452,0.0467487796782775
2016-12-24 11:00:00,0.0304357848556539,0.0525766591911863,0.0505719636421622
2016-12-24 12:00:00,0.0307416066450963,0.0536200049703421,0.0485802623974853
2016-12-24 13:00:00,0.029632640074916,0.0528866600381332,0.0500542570916087
2016-12-24 14:00:00,0.0312051415051317,0.0518633357461198,0.0482785570724884
2016-12-24 15:00:00,0.0289534509151526,0.0499199980558845,0.0474688539351833
2016-12-24 16:00:00,0.0285825455564827,0.0486799856717853,0.0463793234976863
2016-12-24 17:00:00,0.0276724971556983,0.0442700233785619,0.045199151190272
2016-12-24 18:00:00,0.0245445454022065,0.0391366735232279,0.0402565183528986
2016-12-24 19:00:00,0.0197576790133505,0.0331666638548217,0.0368861474832131
2016-12-24 20:00:00,0.0177631942938126,0.0323899847463614,0.0312868106066277
2016-12-24 21:00:00,0.016900178462084,0.0290266633263454,0.0267074806468743
2016-12-24 22:00:00,0.0134130608611919,0.0203300036045141,0.0210998222434364
2016-12-24 23:00:00,0.0094308100747114,0.0126700060374264,0.0121021930567115
2016-12-25 00:00:00,0.0062098570304556,0.0078100029406714,0.0089182103545999
2016-12-25 01:00:00,0.0039267392160869,0.0055166633998131,0.0057299485168487
2016-12-25 02:00:00,0.003209967201666,0.0050400032016911,0.0052499253922908
2016-12-25 03:00:00,0.0034466394680825,0.0068566698975128,0.006345393958056
2016-12-25 04:00:00,0.0052733953750362,0.0127633233931002,0.0081804895998907
2016-12-25 05:00:00,0.008816894427656,0.0163400072606893,0.0154493879435051
2016-12-25 06:00:00,0.0102682533621084,0.0203733334411189,0.0119186474097858
2016-12-25 07:00:00,0.0134785888784775,0.0283366675013377,0.0206807577838574
2016-12-25 08:00:00,0.018724308931597,0.0399633196212511,0.0300588263928123
2016-12-25 09:00:00,0.025470360551508,0.045163338575218,0.0388798968098171
2016-12-25 10:00:00,0.029043910859536,0.0475666680472887,0.0358860316903815
2016-12-25 11:00:00,0.0312975742316667,0.048190008406979,0.0407577603713162
2016-12-25 12:00:00,0.0320259421391849,0.0504599934103097,0.0404241611783922
2016-12-25 13:00:00,0.0332941036127286,0.0510299991752269,0.0481959020647684
2016-12-25 14:00:00,0.0326022446260278,0.0498333286316344,0.0492439550319785
2016-12-25 15:00:00,0.0327915583651105,0.0480133390879905,0.0461938585854229
2016-12-25 16:00:00,0.0315920342444084,0.0472533246395769,0.04615911406965
2016-12-25 17:00:00,0.0314324824267909,0.042960020972352,0.0458080002719798
2016-12-25 18:00:00,0.026209191072518,0.0403966669172968,0.0418744446595775
2016-12-25 19:00:00,0.022676841100493,0.0371299965639382,0.0374874195493788
2016-12-25 20:00:00,0.0187153866743827,0.0330699832621881,0.0334560049192518
2016-12-25 21:00:00,0.015766031680429,0.025096669664933,0.026920277223601
2016-12-25 22:00:00,0.0116546432502523,0.0162233355206822,0.0224709320477884
2016-12-25 23:00:00,0.0071018915333374,0.0093166713357064,0.0133845633689224
2016-12-26 00:00:00,0.0044210355040012,0.0061133332500774,0.0068980284481279
2016-12-26 01:00:00,0.0033490086912197,0.0054333362466197,0.0056019412005232
2016-12-26 02:00:00,0.0041370938391605,0.0095766736670642,0.0056458618388459
2016-12-26 03:00:00,0.0092343169475173,0.0244566788978504,0.0110598230338139
2016-12-26 04:00:00,0.0243077017788423,0.0609899417538118,0.0245161021992892
2016-12-26 05:00:00,0.050402944362103,0.0837266462359749,0.0669080318195618
2016-12-26 06:00:00,0.0735293100903473,0.1326033565755989,0.0821524769638557
2016-12-26 07:00:00,0.0888869972040552,0.1239934110599534,0.1160097046475243
2016-12-26 08:00:00,0.0786865289691667,0.1270665325270985,0.1210970521607803
2016-12-26 09:00:00,0.0808992013678423,0.0794235355347592,0.1268859965900191
2016-12-26 10:00:00,0.0426250054188823,0.0545965683650445,0.0710307873774453
2016-12-26 11:00:00,0.0345100180002055,0.0512099892939259,0.053467263640889
2016-12-26 12:00:00,0.0334584366350065,0.0513566550406086,0.0534916688908451
2016-12-26 13:00:00,0.0351920914322876,0.0495300050468248,0.0523846882521032
2016-12-26 14:00:00,0.0312801624639203,0.043050001229278,0.0492214705717151
2016-12-26 15:00:00,0.0270105466072203,0.0389166799244618,0.0437060864123344
2016-12-26 16:00:00,0.0239034795093691,0.0376199783860627,0.0389220604851781
2016-12-26 17:00:00,0.0238231264066677,0.0325766821306947,0.0386553360320585
2016-12-26 18:00:00,0.0194918522878381,0.0299966658395232,0.0338792523645183
2016-12-26 19:00:00,0.0169416936496354,0.026733335398148,0.0305769711685979
2016-12-26 20:00:00,0.0143116193891447,0.0246233169656655,0.0259692731342315
2016-12-26 21:00:00,0.0129385295528163,0.0189600051613225,0.0228345973917143
2016-12-26 22:00:00,0.0094027804492825,0.012463336441148,0.0144871603891818
2016-12-26 23:00:00,0.0056143886919552,0.0071266681588882,0.0097753429195499
2016-12-27 00:00:00,0.0036505638637614,0.0048900018323507,0.0061668655170308
2016-12-27 01:00:00,0.0028522189523393,0.0052000023640899,0.0048481796935835
2016-12-27 02:00:00,0.0041619512737892,0.0102733432033213,0.0062789908067557
2016-12-27 03:00:00,0.009821211597618,0.0269933532443263,0.0110615379431422
2016-12-27 04:00:00,0.0255139340785658,0.0683166330204984,0.0292331273424331
2016-12-27 05:00:00,0.0526839617562948,0.103489983124947,0.0843490679715479
2016-12-27 06:00:00,0.0827144705199583,0.180526668455427,0.1042570489231842
2016-12-27 07:00:00,0.1296042099770446,0.1939833970042685,0.2128226461755211
2016-12-27 08:00:00,0.1081317800586452,0.1826530975191968,0.1887676585601596
2016-12-27 09:00:00,0.1047483260447055,0.1051303037987502,0.1660290998624027
2016-12-27 10:00:00,0.0397155907796373,0.0555532285776412,0.0588083783001023
2016-12-27 11:00:00,0.0324465692617247,0.0511699913183098,0.0532638788091039
2016-12-27 12:00:00,0.0317239491448128,0.0538866519297173,0.0537082688659493
2016-12-27 13:00:00,0.0323024543131392,0.0481999903997079,0.0545522654194305
2016-12-27 14:00:00,0.0310190292577835,0.0414000214586364,0.0494894265836434
2016-12-27 15:00:00,0.0262774569387747,0.0370100077831319,0.0439963453652838
2016-12-27 16:00:00,0.0234972668148108,0.0367966435575123,0.039374600950226
2016-12-27 17:00:00,0.0238468124051019,0.0315733559530352,0.0368918192766551
2016-12-27 18:00:00,0.0198300602315171,0.0291966625913005,0.03372219394564
2016-12-27 19:00:00,0.0171422194678027,0.0260533339338429,0.0296509716741031
2016-12-27 20:00:00,0.0147568012439431,0.0241099863898109,0.0266422309026932
2016-12-27 21:00:00,0.0131173146783507,0.0183633382376054,0.0218249970598201
2016-12-27 22:00:00,0.0094618097353873,0.0116700036908202,0.0151119004011803
2016-12-27 23:00:00,0.0061252446657235,0.0070333340259553,0.0104912909306484
2016-12-28 00:00:00,0.0040081947476602,0.0049066697668941,0.0068902789489353
2016-12-28 01:00:00,0.003042224028168,0.0054233334547944,0.0051630814585585
2016-12-28 02:00:00,0.0042045322781463,0.0101633456197229,0.0063110806472863
2016-12-28 03:00:00,0.0100606025472076,0.0275233546035621,0.0117790117540401
2016-12-28 04:00:00,0.0255720650085388,0.0683932692603766,0.0278169340879657
2016-12-28 05:00:00,0.0522072444328144,0.1011067557840421,0.067845013714038
2016-12-28 06:00:00,0.0790707404210093,0.1915897693965717,0.0926191898829174
2016-12-28 07:00:00,0.1173491492710906,0.198843515513109,0.1401935576760493
2016-12-28 08:00:00,0.1077073142488504,0.2024232884849446,0.1314879522516561
2016-12-28 09:00:00,0.0806579984939028,0.1073001116925881,0.1353261239666103
2016-12-28 10:00:00,0.0439489099459378,0.0565532597450732,0.0583855399748598
2016-12-28 11:00:00,0.037028895906263,0.0543066704475241,0.052876461760742
2016-12-28 12:00:00,0.0350035860738353,0.0554433091467436,0.0544339138675118
2016-12-28 13:00:00,0.0352434250187126,0.0496600095846085,0.0543623842286882
2016-12-28 14:00:00,0.0318039054928644,0.0425933390352686,0.0504417884723844
2016-12-28 15:00:00,0.0269964259182748,0.0375066710223355,0.043899676949338
2016-12-28 16:00:00,0.0241119416519489,0.036996648653424,0.0384913322045266
2016-12-28 17:00:00,0.0242742753825649,0.032296684955583,0.0368120043761672
2016-12-28 18:00:00,0.0207540398726708,0.029969998691625,0.0313075169577397
2016-12-28 19:00:00,0.017828113215153,0.0270566662093327,0.0281642191928979
2016-12-28 20:00:00,0.0158351333783125,0.0251033205411279,0.0279064518700691
2016-12-28 21:00:00,0.0141197021404966,0.0189400034605673,0.0239159534696815
2016-12-28 22:00:00,0.010203283819162,0.0118066711559106,0.0181235134747401
2016-12-28 23:00:00,0.0066021873923487,0.0070100030339007,0.0108790358381911
2016-12-29 00:00:00,0.0041629745091929,0.0048999995398736,0.0069273203300701
2016-12-29 01:00:00,0.0032413983216609,0.0054448289215926,0.0065922812052106
2016-12-29 02:00:00,0.0043098952376105,0.0107931133195695,0.0067572200445047
2016-12-29 03:00:00,0.0090052718283317,0.0274207086980758,0.0099072650691587
2016-12-29 04:00:00,0.0209397457112617,0.0676689260433241,0.0230053252949415
2016-12-29 05:00:00,0.0357768344347046,0.0919413096546336,0.0510920777467438
2016-12-29 06:00:00,0.0798567454566666,0.1700999638525219,0.052655867805825
2016-12-29 07:00:00,0.108696447361357,0.166669119186824,0.0551522038542193
2016-12-29 08:00:00,0.0962807594994332,0.150317232216642,0.0460364958359704
2016-12-29 09:00:00,0.0608310356670599,0.0834690110749172,0.0473507296214776
2016-12-29 10:00:00,0.0313018528283317,0.0569033726236702,0.0539975435403077
2016-12-29 11:00:00,0.0290523082447114,0.0538896618301253,0.0532335932274739
2016-12-29 12:00:00,0.0285975816667043,0.0576551524015659,0.0530055377428047
2016-12-29 13:00:00,0.0289643090223942,0.0523137945751091,0.0518430127715214
2016-12-29 14:00:00,0.0261100316225662,0.0430758747774076,0.0496039500068627
2016-12-29 15:00:00,0.0226221616861877,0.0383965474504456,0.0391892584935513
2016-12-29 16:00:00,0.0221506762264537,0.0372655108512343,0.0372855425920635
2016-12-29 17:00:00,0.0212862424562861,0.0322586338648051,0.0338897211460684
2016-12-29 18:00:00,0.0182176726285977,0.0302241360887835,0.0314291181061863
2016-12-29 19:00:00,0.0160033131508204,0.0275999985515279,0.0289958506968792
2016-12-29 20:00:00,0.015893087202462,0.0263827510577854,0.0270515766719041
2016-12-29 21:00:00,0.0141544511491786,0.020244827022951,0.0255000396315194
2016-12-29 22:00:00,0.0113373916360823,0.013193108727729,0.0225923553837068
2016-12-29 23:00:00,0.0070852952476858,0.007648279275303,0.0139364774925647
2016-12-30 00:00:00,0.0044472884384728,0.0055413785957776,0.0086066493215932
2016-12-30 01:00:00,0.0035662072818258,0.0059689683621824,0.0064589511209147
2016-12-30 02:00:00,0.0042045656729074,0.0110551802074891,0.0067097436854224
2016-12-30 03:00:00,0.0089407461820278,0.0267827825899882,0.0072937011161782
2016-12-30 04:00:00,0.0198565112315013,0.0655999518262371,0.013742332252189
2016-12-30 05:00:00,0.0342452460997182,0.0902413674842474,0.0283429223772655
2016-12-30 06:00:00,0.044708291172805,0.1028620962469878,0.0435253319913142
2016-12-30 07:00:00,0.0437450776066704,0.0885655144242036,0.0460437559564637
2016-12-30 08:00:00,0.0404242665622854,0.0805896442930573,0.0526826359169572
2016-12-30 09:00:00,0.0358908393094038,0.0676827661592925,0.0500962574211332
2016-12-30 10:00:00,0.0330402506641599,0.0593655164694024,0.0518732149016569
2016-12-30 11:00:00,0.0318409552334414,0.0570793199603086,0.0534862320832045
2016-12-30 12:00:00,0.0318104907560721,0.0607930892885732,0.0532670407585085
2016-12-30 13:00:00,0.030860090947539,0.0537275842097172,0.0523811336100381
2016-12-30 14:00:00,0.0284214323579378,0.048327597969076,0.050226366086254
2016-12-30 15:00:00,0.0249182501384991,0.0409930968182769,0.0445646430336745
2016-12-30 16:00:00,0.0246476217222382,0.0383133296366495,0.0434427197412476
2016-12-30 17:00:00,0.0255498278646782,0.0366433444249709,0.0420017658494638
2016-12-30 18:00:00,0.0222091039118677,0.0346999983308093,0.0388632194765756
2016-12-30 19:00:00,0.0204124302080804,0.0317633403536433,0.037742202750306
2016-12-30 20:00:00,0.0164519297802076,0.0291866478153873,0.0314699737401928
2016-12-30 21:00:00,0.0159104029402327,0.0250066689842256,0.029345279935053
2016-12-30 22:00:00,0.013027242676764,0.0173866723478346,0.0240384589723721
2016-12-30 23:00:00,0.0080095279681881,0.0106500008199549,0.0157652637243019
2016-12-31 00:00:00,0.0051445992900529,0.0071500008874324,0.0103851699282246
2016-12-31 01:00:00,0.0035628665473304,0.0059500003251101,0.0061035139118059
2016-12-31 02:00:00,0.003651086915878,0.0071300036842474,0.0054057569913688
2016-12-31 03:00:00,0.0052472307370223,0.0120633367696245,0.0062850862919452
2016-12-31 04:00:00,0.0094316323323746,0.023873319612716,0.0093928380247625
2016-12-31 05:00:00,0.0151599784014001,0.0305766800078251,0.0126199088644511
2016-12-31 06:00:00,0.0177529271428752,0.0379399950081563,0.0150717433275886
2016-12-31 07:00:00,0.0220344585540345,0.0466299861563572,0.0212014031225393
2016-12-31 08:00:00,0.0274018248348431,0.0496666803146955,0.03580969271853
2016-12-31 09:00:00,0.0285159631294164,0.0497299999381406,0.0384570524854606
2016-12-31 10:00:00,0.0287748681904402,0.051906668683345,0.0404300562159205
2016-12-31 11:00:00,0.0283945817449266,0.0525766591911863,0.0395208509923277
2016-12-31 12:00:00,0.0286798933227579,0.0536200049703423,0.0469029967156862
2016-12-31 13:00:00,0.0276453005866509,0.0528866600381333,0.0461270816365688
2016-12-31 14:00:00,0.0291123408031604,0.0518633357461194,0.048390412254256
2016-12-31 15:00:00,0.0270116618548543,0.0499199980558845,0.0470328425665771
2016-12-31 16:00:00,0.0266656315955286,0.0486799856717855,0.0472185444343127
2016-12-31 17:00:00,0.0258166164040209,0.0442700233785619,0.0471048336017121
2016-12-31 18:00:00,0.0228984435302167,0.0391366735232277,0.0426276416587265
2016-12-31 19:00:00,0.0184326126135823,0.0331666638548218,0.0377985383947434
2016-12-31 20:00:00,0.0165718897941605,0.0323899847463616,0.0318009925649045
2016-12-31 21:00:00,0.0157667528904335,0.0290266633263455,0.0265910595410234
2016-12-31 22:00:00,0.0125135019477587,0.0203300036045139,0.0246625223124228
2016-12-31 23:00:00,0.00879832436907,0.0126700060374263,0.0162419622034626
